0,0,0,0
1,1,1,1.087
2,0.996692481,2,1.007201223
3,0.991376152,3,0.963265944
4,0.979582315,4,0.933260629
5,0.962473392,5,0.910631866
6,0.941706518,6,0.892550724
7,0.919890662,7,0.877543714
8,0.899572066,8,0.864748158
9,0.882343448,9,0.853616631
10,0.86643123,10,0.843780616
11,0.852447405,11,0.83498053
12,0.840426512,12,0.827026845
13,0.830175584,13,0.819777087
14,0.819083073,14,0.813121529
15,0.811060276,15,0.806973932
16,0.804613084,16,0.80126532
17,0.796307444,17,0.795939692
18,0.790868113,18,0.79095098
19,0.785869165,19,0.786260844
20,0.78074383,20,0.781837045
21,0.776874353,21,0.77765223
22,0.773226608,22,0.773682991
23,0.768042617,23,0.769909152
24,0.76341202,24,0.766313202
25,0.761145011,25,0.762879848
26,0.758692321,26,0.759595662
27,0.755044552,27,0.756448786
28,0.752205021,28,0.753428702
29,0.747704673,29,0.750526039
30,0.74614966,30,0.747732411
31,0.744868161,31,0.745040288
32,0.741043913,32,0.74244288
33,0.739671673,33,0.739934046
34,0.736930532,34,0.737508217
35,0.733235612,35,0.735160322
36,0.733217348,36,0.732885736
37,0.73007597,37,0.730680226
38,0.726310949,38,0.728539911
39,0.726249642,39,0.726461223
40,0.723279298,40,0.724440873
41,0.722979718,41,0.722475825
42,0.722820836,42,0.720563273
43,0.719355518,43,0.718700611
44,0.716900074,44,0.716885423
45,0.717851191,45,0.715115461
46,0.714637389,46,0.713388629
47,0.714634933,47,0.711702973
48,0.712132755,48,0.710056664
49,0.710038466,49,0.708447995
50,0.70857039,50,0.70687536
51,0.709045476,51,0.705337257
52,0.705824345,52,0.703832272
53,0.705079401,53,0.702359075
54,0.702717319,54,0.700916414
55,0.702588693,55,0.699503108
56,0.701119364,56,0.698118041
57,0.698543783,57,0.69676016
58,0.697248743,58,0.695428468
59,0.698289038,59,0.694122021
60,0.694417305,60,0.692839926
61,0.693453697,61,0.691581333
62,0.693588804,62,0.690345436
63,0.690001365,63,0.689131471
64,0.691484297,64,0.687938709
65,0.689865617,65,0.686766456
66,0.688312735,66,0.685614054
67,0.68768893,67,0.684480871
68,0.68558931,68,0.683366309
69,0.683542269,69,0.682269794
70,0.682675667,70,0.681190778
71,0.681157806,71,0.680128738
72,0.683241493,72,0.679083173
73,0.681624847,73,0.678053605
74,0.678265234,74,0.677039574
75,0.6765637,75,0.676040641
76,0.676990889,76,0.675056384
77,0.677469374,77,0.674086399
78,0.676063468,78,0.673130296
79,0.674562124,79,0.672187704
80,0.673771197,80,0.671258264
81,0.673602982,81,0.670341631
82,0.672372886,82,0.669437475
83,0.672162306,83,0.668545475
84,0.670988472,84,0.667665326
85,0.670137152,85,0.666796731
86,0.669218877,86,0.665939406
87,0.668917718,87,0.665093076
88,0.667146348,88,0.664257475
89,0.667611193,89,0.663432348
90,0.664341823,90,0.662617449
91,0.662873802,91,0.661812539
92,0.664652053,92,0.661017387
93,0.661354772,93,0.660231772
94,0.663803564,94,0.659455478
95,0.660686764,95,0.658688297
96,0.660632651,96,0.657930029
97,0.660941137,97,0.657180477
98,0.65872008,98,0.656439454
99,0.655181294,99,0.655706778
100,0.656870849,100,0.65498227
101,0.656123517,101,0.65426576
102,0.657767427,102,0.653557082
103,0.655058385,103,0.652856075
104,0.654240374,104,0.652162581
105,0.653848141,105,0.65147645
106,0.652238893,106,0.650797534
107,0.652211343,107,0.650125691
108,0.64907991,108,0.649460782
109,0.650901222,109,0.648802671
110,0.650548245,110,0.648151229
111,0.649774341,111,0.647506327
112,0.648914659,112,0.646867842
113,0.648584384,113,0.646235654
114,0.646325101,114,0.645609646
115,0.649409055,115,0.644989703
116,0.645169198,116,0.644375716
117,0.647310349,117,0.643767576
118,0.643517414,118,0.643165178
119,0.642987556,119,0.642568421
120,0.644657675,120,0.641977204
121,0.644075369,121,0.641391431
122,0.644614613,122,0.640811007
123,0.641169963,123,0.64023584
124,0.642057516,124,0.63966584
125,0.638729857,125,0.63910092
126,0.64174709,126,0.638540994
127,0.641080415,127,0.63798598
128,0.64234358,128,0.637435795
129,0.640884062,129,0.636890361
130,0.63886962,130,0.6363496
131,0.635952662,131,0.635813437
132,0.638809729,132,0.635281797
133,0.636212485,133,0.63475461
134,0.639673724,134,0.634231804
135,0.63521989,135,0.633713311
136,0.636102148,136,0.633199064
137,0.636707837,137,0.632688997
138,0.63227077,138,0.632183046
139,0.632900353,139,0.631681148
140,0.630506823,140,0.631183243
141,0.633695462,141,0.630689269
142,0.633384131,142,0.630199169
143,0.632147349,143,0.629712885
144,0.631799842,144,0.629230362
145,0.629688313,145,0.628751543
146,0.630532532,146,0.628276376
147,0.63024512,147,0.627804808
148,0.627970741,148,0.627336787
149,0.627412033,149,0.626872264
150,0.630864423,150,0.626411188
151,0.627668651,151,0.625953511
152,0.62590172,152,0.625499187
153,0.625088867,153,0.625048168
154,0.624001018,154,0.62460041
155,0.628498516,155,0.624155867
156,0.625326349,156,0.623714497
157,0.624008151,157,0.623276256
158,0.623096027,158,0.622841102
159,0.624911839,159,0.622408995
160,0.622610028,160,0.621979894
161,0.621033064,161,0.62155376
162,0.619196275,162,0.621130553
163,0.620423165,163,0.620710236
164,0.621915154,164,0.620292772
165,0.621224111,165,0.619878124
166,0.619462686,166,0.619466256
167,0.618508922,167,0.619057133
168,0.618708994,168,0.618650721
169,0.620087672,169,0.618246984
170,0.617883533,170,0.617845891
171,0.617439228,171,0.617447408
172,0.618795565,172,0.617051504
173,0.614919154,173,0.616658146
174,0.615889166,174,0.616267304
175,0.618191223,175,0.615878947
176,0.616202228,176,0.615493046
177,0.614079028,177,0.615109571
178,0.614585095,178,0.614728494
179,0.612810247,179,0.614349785
180,0.612212971,180,0.613973418
181,0.609677419,181,0.613599364
182,0.611395266,182,0.613227597
183,0.611210163,183,0.612858091
184,0.61349771,184,0.61249082
185,0.615876474,185,0.612125757
186,0.608892484,186,0.611762878
187,0.608204643,187,0.611402158
188,0.61114362,188,0.611043573
189,0.616047541,189,0.610687099
190,0.613619175,190,0.610332713
191,0.612088251,191,0.609980391
192,0.611055634,192,0.60963011
193,0.609579404,193,0.609281849
194,0.609226889,194,0.608935585
195,0.611264447,195,0.608591296
196,0.607154983,196,0.608248962
197,0.606231514,197,0.607908561
198,0.611838648,198,0.607570072
199,0.608628264,199,0.607233476
200,0.607617958,200,0.606898752
201,0.605562751,201,0.606565881
202,0.602747683,202,0.606234843
203,0.603429517,203,0.605905619
204,0.605894495,204,0.60557819
205,0.60355793,205,0.605252538
206,0.603974646,206,0.604928645
207,0.607106248,207,0.604606492
208,0.60594248,208,0.604286062
209,0.604259434,209,0.603967337
210,0.600081609,210,0.603650301
211,0.599714806,211,0.603334936
212,0.601209129,212,0.603021226
213,0.598781252,213,0.602709154
214,0.600737821,214,0.602398704
215,0.600515086,215,0.60208986
216,0.595440502,216,0.601782607
217,0.601556008,217,0.601476929
218,0.599495889,218,0.60117281
219,0.59915685,219,0.600870235
220,0.602296635,220,0.600569191
221,0.597488992,221,0.600269661
222,0.597338206,222,0.599971633
223,0.598059283,223,0.59967509
224,0.599185639,224,0.59938002
225,0.594905084,225,0.599086409
226,0.597252747,226,0.598794242
227,0.593334787,227,0.598503507
228,0.597605252,228,0.598214191
229,0.593799131,229,0.597926279
230,0.596224214,230,0.597639759
231,0.598333154,231,0.597354619
232,0.593746617,232,0.597070846
233,0.593360152,233,0.596788427
234,0.592504095,234,0.596507351
235,0.590294326,235,0.596227604
236,0.595358076,236,0.595949176
237,0.59121782,237,0.595672055
238,0.589029348,238,0.595396228
239,0.588528762,239,0.595121685
240,0.594193752,240,0.594848413
241,0.592345889,241,0.594576403
242,0.591212782,242,0.594305643
243,0.596668708,243,0.594036122
244,0.589803434,244,0.593767829
245,0.589197772,245,0.593500754
246,0.591246663,246,0.593234886
247,0.591952112,247,0.592970215
248,0.592644595,248,0.592706731
249,0.589187662,249,0.592444423
250,0.59095564,250,0.592183283
251,0.591809993,251,0.591923299
252,0.589981302,252,0.591664462
253,0.585850439,253,0.591406763
254,0.588589069,254,0.591150192
255,0.584103289,255,0.59089474
256,0.590051792,256,0.590640398
257,0.58951689,257,0.590387156
258,0.583500254,258,0.590135005
259,0.589412202,259,0.589883937
260,0.581810658,260,0.589633942
261,0.591337491,261,0.589385013
262,0.584420694,262,0.58913714
263,0.58260151,263,0.588890315
264,0.589488524,264,0.588644529
265,0.586535404,265,0.588399775
266,0.577587962,266,0.588156044
267,0.587624183,267,0.587913327
268,0.583417191,268,0.587671618
269,0.590242909,269,0.587430908
270,0.574873576,270,0.587191189
271,0.577741722,271,0.586952453
272,0.582012008,272,0.586714693
273,0.58307436,273,0.586477902
274,0.582306986,274,0.586242071
275,0.577046286,275,0.586007194
276,0.581373822,276,0.585773263
277,0.577237032,277,0.585540271
278,0.571893729,278,0.585308211
279,0.587860071,279,0.585077075
280,0.581267552,280,0.584846857
281,0.582571887,281,0.58461755
282,0.578070574,282,0.584389147
283,0.566964774,283,0.584161642
284,0.575285347,284,0.583935027
285,0.574126856,285,0.583709296
286,0.573546687,286,0.583484442
287,0.57785123,287,0.583260459
288,0.572153086,288,0.583037341
289,0.575962702,289,0.582815081
290,0.578489522,290,0.582593674
291,0.577789741,291,0.582373112
292,0.573855118,292,0.58215339
293,0.579144478,293,0.581934501
294,0.573173436,294,0.58171644
295,0.571908871,295,0.581499201
296,0.565803607,296,0.581282778
297,0.571229485,297,0.581067165
298,0.576612836,298,0.580852356
299,0.567733846,299,0.580638346
300,0.567951868,300,0.580425128
301,0.573402448,301,0.580212699
302,0.567469963,302,0.580001051
303,0.571046431,303,0.579790179
304,0.575587075,304,0.579580079
305,0.571540394,305,0.579370745
306,0.561209533,306,0.579162171
307,0.571620362,307,0.578954352
308,0.570647872,308,0.578747283
309,0.572672138,309,0.578540959
310,0.571122147,310,0.578335375
311,0.57295716,311,0.578130526
312,0.563661928,312,0.577926407
313,0.570613666,313,0.577723012
314,0.573546784,314,0.577520338
315,0.572162829,315,0.577318379
316,0.570868266,316,0.57711713
317,0.564864696,317,0.576916587
318,0.572718347,318,0.576716744
319,0.570927102,319,0.576517599
320,0.571335107,320,0.576319145
321,0.560936957,321,0.576121378
322,0.565697314,322,0.575924293
323,0.569501864,323,0.575727888
324,0.56755833,324,0.575532155
325,0.572639423,325,0.575337093
326,0.567091384,326,0.575142695
327,0.57642456,327,0.574948958
328,0.564132452,328,0.574755878
329,0.558662281,329,0.57456345
330,0.565311958,330,0.57437167
331,0.568795702,331,0.574180534
332,0.566050033,332,0.573990038
333,0.559076653,333,0.573800178
334,0.576213046,334,0.573610949
335,0.571199622,335,0.573422349
336,0.561913991,336,0.573234372
337,0.567957133,337,0.573047015
338,0.570436724,338,0.572860275
339,0.567916141,339,0.572674147
340,0.560331349,340,0.572488627
341,0.564562209,341,0.572303711
342,0.560968741,342,0.572119397
343,0.559969225,343,0.57193568
344,0.562049083,344,0.571752557
345,0.55655964,345,0.571570023
346,0.564615293,346,0.571388076
347,0.559749933,347,0.571206712
348,0.558329057,348,0.571025927
349,0.562232552,349,0.570845717
350,0.556027975,350,0.57066608
351,0.555978295,351,0.570487012
352,0.55054632,352,0.570308509
353,0.563885373,353,0.570130568
354,0.556782386,354,0.569953185
355,0.561375556,355,0.569776358
356,0.557787433,356,0.569600084
357,0.56341063,357,0.569424357
358,0.550098165,358,0.569249177
359,0.561448991,359,0.569074538
360,0.565128901,360,0.568900439
361,0.559032615,361,0.568726876
362,0.56302858,362,0.568553846
363,0.551613137,363,0.568381345
364,0.563930619,364,0.568209371
365,0.551937927,365,0.568037921
366,0.565797079,366,0.567866991
367,0.553463683,367,0.567696579
368,0.560543206,368,0.567526681
369,0.559223531,369,0.567357296
370,0.547720938,370,0.567188419
371,0.562911201,371,0.567020047
372,0.553219181,372,0.566852179
373,0.560713689,373,0.566684811
374,0.554130517,374,0.566517941
375,0.549534756,375,0.566351565
376,0.560137308,376,0.56618568
377,0.558197692,377,0.566020285
378,0.542192088,378,0.565855376
379,0.567354786,379,0.56569095
380,0.553846154,380,0.565527005
381,0.533534154,381,0.565363539
382,0.530654072,382,0.565200548
383,0.546565666,383,0.56503803
384,0.548591117,384,0.564875982
385,0.544235417,385,0.564714402
386,0.556308297,386,0.564553287
387,0.538350287,387,0.564392635
388,0.541415034,388,0.564232443
389,0.551430742,389,0.564072709
390,0.553135619,390,0.563913429
391,0.562688862,391,0.563754603
392,0.548184905,392,0.563596227
393,0.552602022,393,0.563438298
394,0.547023203,394,0.563280815
395,0.548130816,395,0.563123775
396,0.557169293,396,0.562967176
397,0.54443457,397,0.562811015
398,0.554696006,398,0.56265529
399,0.545761162,399,0.562499998
400,0.551768564,400,0.562345139
401,0.55327381,401,0.562190708
402,0.554376018,402,0.562036704
403,0.536800379,403,0.561883125
404,0.540091776,404,0.561729968
405,0.561732714,405,0.561577232
406,0.554417006,406,0.561424913
407,0.538669008,407,0.56127301
408,0.546122607,408,0.561121522
409,0.566409423,409,0.560970444
410,0.567165203,410,0.560819776
411,0.531237798,411,0.560669516
412,0.564120484,412,0.560519661
413,0.552312279,413,0.560370208
414,0.546475359,414,0.560221158
415,0.551919938,415,0.560072506
416,0.544635254,416,0.559924251
417,0.537805571,417,0.559776391
418,0.539845387,418,0.559628925
419,0.55519505,419,0.559481849
420,0.552649586,420,0.559335163
421,0.545641104,421,0.559188863
422,0.55566905,422,0.559042949
423,0.556585678,423,0.558897419
424,0.531170336,424,0.558752269
425,0.548564053,425,0.558607499
426,0.545543187,426,0.558463107
427,0.544961813,427,0.55831909
428,0.557856169,428,0.558175448
429,0.537029341,429,0.558032177
430,0.549582149,430,0.557889277
431,0.559573523,431,0.557746745
432,0.535114175,432,0.55760458
433,0.539978866,433,0.557462779
434,0.565079365,434,0.557321342
435,0.544915641,435,0.557180265
436,0.549206349,436,0.557039549
437,0.548923309,437,0.55689919
438,0.544461334,438,0.556759187
439,0.539225991,439,0.556619538
440,0.550518519,440,0.556480243
441,0.541167223,441,0.556341298
442,0.540438623,442,0.556202702
443,0.537632262,443,0.556064454
444,0.550622407,444,0.555926552
445,0.549811242,445,0.555788995
446,0.542042357,446,0.55565178
447,0.543670684,447,0.555514906
448,0.550452711,448,0.555378371
449,0.543165468,449,0.555242175
450,0.542131419,450,0.555106314
451,0.571428571,451,0.554970789
452,0.540561976,452,0.554835596
453,0.538382571,453,0.554700736
454,0.526476233,454,0.554566205
455,0.514355938,455,0.554432003
456,0.516693164,456,0.554298127
457,0.572228586,457,0.554164578
458,0.522828901,458,0.554031352
459,0.535962877,459,0.553898449
460,0.542119057,460,0.553765866
461,0.565320665,461,0.553633603
462,0.518582117,462,0.553501659
463,0.536372951,463,0.553370031
464,0.550086701,464,0.553238718
465,0.543967828,465,0.553107719
466,0.551900484,466,0.552977032
467,0.517781876,467,0.552846656
468,0.538258941,468,0.55271659
469,0.522093814,469,0.552586832
470,0.547491687,470,0.55245738
471,0.52211525,471,0.552328234
472,0.554586466,472,0.552199392
473,0.54922984,473,0.552070853
474,0.530708894,474,0.551942615
475,0.552965107,475,0.551814676
476,0.518452381,476,0.551687037
477,0.534184706,477,0.551559695
478,0.528671329,478,0.551432648
479,0.537574107,479,0.551305897
480,0.539289208,480,0.551179438
481,0.549755851,481,0.551053272
482,0.523507402,482,0.550927397
483,0.539047942,483,0.550801811
484,0.554535828,484,0.550676514
485,0.525806452,485,0.550551503
486,0.550062916,486,0.550426779
487,0.549510337,487,0.550302339
488,0.521330315,488,0.550178182
489,0.526109428,489,0.550054307
490,0.53940293,490,0.549930713
491,0.544817131,491,0.549807399
492,0.549224806,492,0.549684363
493,0.509206928,493,0.549561605
494,0.552441954,494,0.549439122
495,0.527212861,495,0.549316915
496,0.5500613,496,0.549194981
497,0.542126789,497,0.54907332
498,0.538667767,498,0.54895193
499,0.525416836,499,0.548830811
500,0.538932264,500,0.54870996
501,0.550414666,501,0.548589378
502,0.542011319,502,0.548469062
503,0.533521985,503,0.548349013
504,0.52687704,504,0.548229227
505,0.518735109,505,0.548109706
506,0.541942857,506,0.547990447
507,0.524535066,507,0.547871449
508,0.515401786,508,0.547752711
509,0.517970883,509,0.547634233
510,0.553686294,510,0.547516012
511,0.561479592,511,0.547398049
512,0.515151515,512,0.547280341
513,0.545892495,513,0.547162889
514,0.58178337,514,0.54704569
515,0.546021841,515,0.546928745
516,0.5512,516,0.546812051
517,0.538176034,517,0.546695607
518,0.583479276,518,0.546579414
519,0.505906523,519,0.546463469
520,0.50881811,520,0.546347772
521,0.532757179,521,0.546232322
522,0.517440264,522,0.546117117
523,0.497848306,523,0.546002157
524,0.547418968,524,0.545887441
525,0.535290629,525,0.545772967
526,0.533834586,526,0.545658735
527,0.55187638,527,0.545544745
528,0.556697719,528,0.545430994
529,0.5030837,529,0.545317481
530,0.538510503,530,0.545204207
531,0.512669963,531,0.54509117
532,0.518436811,532,0.544978369
533,0.555555556,533,0.544865803
534,0.508922881,534,0.544753471
535,0.50788542,535,0.544641372
536,0.542747022,536,0.544529506
537,0.541814316,537,0.544417871
538,0.506876887,538,0.544306466
539,0.531550802,539,0.544195292
540,0.520581973,540,0.544084346
541,0.527066569,541,0.543973627
542,0.516467608,542,0.543863136
543,0.529104478,543,0.543752871
544,0.510917031,544,0.543642831
545,0.497118156,545,0.543533015
546,0.537401575,546,0.543423423
547,0.552232692,547,0.543314053
548,0.528542914,548,0.543204905
549,0.525744167,549,0.543095978
550,0.535817805,550,0.54298727
551,0.50571091,551,0.542878782
552,0.528309742,552,0.542770513
553,0.51523888,553,0.542662461
554,0.496161616,554,0.542554625
555,0.521477663,555,0.542447005
556,0.530013339,556,0.542339601
557,0.539798719,557,0.54223241
558,0.56024964,558,0.542125433
559,0.504143044,559,0.542018669
560,0.502192982,560,0.541912116
561,0.524227042,561,0.541805774
562,0.551332675,562,0.541699643
563,0.498643761,563,0.541593721
564,0.490974729,564,0.541488008
565,0.518037518,565,0.541382502
566,0.46701847,566,0.541277203
567,0.53657289,567,0.541172111
568,0.542408377,568,0.541067225
569,0.521694742,569,0.540962543
570,0.566835871,570,0.540858065
571,0.518576661,571,0.54075379
572,0.479472141,572,0.540649718
573,0.512969825,573,0.540545848
574,0.513193323,574,0.540442178
575,0.549099361,575,0.540338709
576,0.516307352,576,0.54023544
577,0.498647918,577,0.540132369
578,0.578712556,578,0.540029497
579,0.505376344,579,0.539926821
580,0.53096813,580,0.539824343
581,0.489038786,581,0.53972206
582,0.592950933,582,0.539619973
583,0.486581097,583,0.53951808
584,0.492555092,584,0.539416381
585,0.4981774,585,0.539314875
586,0.480550569,586,0.539213561
587,0.519344262,587,0.53911244
588,0.507772021,588,0.539011509
589,0.523326572,589,0.538910768
590,0.524071527,590,0.538810218
591,0.532155477,591,0.538709856
592,0.480955455,592,0.538609682
593,0.570086139,593,0.538509697
594,0.53125,594,0.538409898
595,0.519970414,595,0.538310285
596,0.504754938,596,0.538210859
597,0.47112039,597,0.538111617
598,0.5118411,598,0.538012559
599,0.499622642,599,0.537913685
600,0.596700275,600,0.537814995
601,0.509134234,601,0.537716486
602,0.475471698,602,0.53761816
603,0.530367836,603,0.537520014
604,0.500818331,604,0.53742205
605,0.520206363,605,0.537324264
606,0.531083481,606,0.537226659
607,0.559322034,607,0.537129231
608,0.535714286,608,0.537031982
609,0.475247525,609,0.536934911
610,0.524423963,610,0.536838015
611,0.532015066,611,0.536741297
612,0.494252874,612,0.536644753
613,0.519774011,613,0.536548385
614,0.48409894,614,0.536452191
615,0.515209125,615,0.536356171
616,0.511385199,616,0.536260323
617,0.526263627,617,0.536164649
618,0.500484027,618,0.536069146
619,0.551086957,619,0.535973815
620,0.571592211,620,0.535878654
621,0.5125,621,0.535783664
622,0.584837545,622,0.535688844
623,0.506302521,623,0.535594192
624,0.557625146,624,0.535499709
625,0.5455594,625,0.535405394
626,0.508752735,626,0.535311246
627,0.492029756,627,0.535217265
628,0.534802784,628,0.53512345
629,0.5,629,0.535029801
630,0.47108307,630,0.534936317
631,0.48785872,631,0.534842998
632,0.512820513,632,0.534749843
633,0.558558559,633,0.534656851
634,0.53836478,634,0.534564022
635,0.510328068,635,0.534471355
636,0.533766234,636,0.53437885
637,0.495121951,637,0.534286507
638,0.478054567,638,0.534194324
639,0.495652174,639,0.534102302
640,0.465801887,640,0.534010439
641,0.499358151,641,0.533918736
642,0.571428571,642,0.533827191
643,0.509459459,643,0.533735804
644,0.53200569,644,0.533644575
645,0.593548387,645,0.533553503
646,0.527298851,646,0.533462587
647,0.580031696,647,0.533371828
648,0.515714286,648,0.533281224
649,0.55503876,649,0.533190776
650,0.606896552,650,0.533100482
651,0.516320475,651,0.533010342
652,0.506646972,652,0.532920355
653,0.542721519,653,0.532830522
654,0.529595016,654,0.532740841
655,0.516431925,655,0.532651312
656,0.506998445,656,0.532561935
657,0.454929577,657,0.532472709
658,0.474926254,658,0.532383633
659,0.568627451,659,0.532294708
660,0.570143885,660,0.532205932
661,0.531197302,661,0.532117306
662,0.544815466,662,0.532028828
663,0.497560976,663,0.531940499
664,0.481658692,664,0.531852317
665,0.479233227,665,0.531764282
666,0.556603774,666,0.531676395
667,0.538888889,667,0.531588653
668,0.607296137,668,0.531501058
669,0.645833333,669,0.531413608
670,0.472696246,670,0.531326303
671,0.581740977,671,0.531239142
672,0.486338798,672,0.531152126
673,0.476702509,673,0.531065253
674,0.568281938,674,0.530978523
675,0.401913876,675,0.530891937
676,0.592857143,676,0.530805492
677,0.443636364,677,0.530719189
678,0.511677282,678,0.530633028
679,0.619791667,679,0.530547007
680,0.402079723,680,0.530461127
681,0.572864322,681,0.530375387
682,0.493421053,682,0.530289787
683,0.493273543,683,0.530204326
684,0.509389671,684,0.530119003
685,0.48206278,685,0.53003382
686,0.497652582,686,0.529948773
687,0.545219638,687,0.529863865
688,0.510948905,688,0.529779094
689,0.439232409,689,0.529694459
690,0.546195652,690,0.52960996
691,0.549723757,691,0.529525597
692,0.546218487,692,0.52944137
693,0.536111111,693,0.529357278
694,0.483116883,694,0.52927332
695,0.530612245,695,0.529189496
696,0.511299435,696,0.529105807
697,0.593959732,697,0.52902225
698,0.558064516,698,0.528938827
699,0.55483871,699,0.528855536
700,0.516923077,700,0.528772377
701,0.593639576,701,0.52868935
702,0.404358354,702,0.528606455
703,0.524115756,703,0.52852369
704,0.472140762,704,0.528441056
705,0.504823151,705,0.528358552
706,0.430555556,706,0.528276178
707,0.459214502,707,0.528193933
708,0.375308642,708,0.528111817
709,0.579766537,709,0.52802983
710,0.498305085,710,0.527947972
711,0.598360656,711,0.527866241
712,0.617021277,712,0.527784637
713,0.482993197,713,0.527703161
714,0.536398467,714,0.527621812
715,0.403458213,715,0.527540589
716,0.476027397,716,0.527459491
717,0.586956522,717,0.52737852
718,0.570212766,718,0.527297674
719,0.392749245,719,0.527216952
720,0.498069498,720,0.527136355
721,0.556521739,721,0.527055883
722,0.494208494,722,0.526975534
723,0.516129032,723,0.526895308
724,0.5,724,0.526815206
725,0.548672566,725,0.526735226
726,0.463878327,726,0.526655369
727,0.557603687,727,0.526575633
728,0.565217391,728,0.52649602
729,0.49787234,729,0.526416527
730,0.386666667,730,0.526337156
731,0.469135802,731,0.526257905
732,0.504424779,732,0.526178775
733,0.485106383,733,0.526099764
734,0.55721393,734,0.526020873
735,0.497695853,735,0.525942101
736,0.454545455,736,0.525863448
737,0.544502618,737,0.525784913
738,0.588571429,738,0.525706497
739,0.653594771,739,0.525628198
740,0.372180451,740,0.525550018
741,0.372180451,741,0.525471954
742,0.462616822,742,0.525394007
743,0.421524664,743,0.525316176
744,0.46,744,0.525238462
745,0.455445545,745,0.525160864
746,0.508287293,746,0.525083381
747,0.442307692,747,0.525006013
748,0.466321244,748,0.524928761
749,0.55625,749,0.524851623
750,0.463157895,750,0.524774599
751,0.491620112,751,0.524697689
752,0.406698565,752,0.524620892
753,0.512048193,753,0.524544209
754,0.597122302,754,0.524467639
755,0.598540146,755,0.524391181
756,0.574468085,756,0.524314836
757,0.637096774,757,0.524238603
758,0.603053435,758,0.524162481
759,0.481012658,759,0.524086471
760,0.396825397,760,0.524010572
761,0.480263158,761,0.523934784
762,0.593495935,762,0.523859106
763,0.417142857,763,0.523783538
764,0.455128205,764,0.52370808
765,0.619469027,765,0.523632732
766,0.471830986,766,0.523557493
767,0.625,767,0.523482363
768,0.666666667,768,0.523407341
769,0.495934959,769,0.523332428
770,0.472440945,770,0.523257623
771,0.416666667,771,0.523182926
772,0.606060606,772,0.523108336
773,0.294117647,773,0.523033854
774,0.64516129,774,0.522959478
775,0.789473684,775,0.522885209
776,0.483870968,776,0.522811046
777,0.504347826,777,0.522736989
778,0.467213115,778,0.522663038
779,0.537735849,779,0.522589192
780,0.407142857,780,0.522515452
781,0.518518519,781,0.522441816
782,0.518867925,782,0.522368285
783,0.495412844,783,0.522294858
784,0.666666667,784,0.522221535
785,0.42519685,785,0.522148316
786,0.634146341,786,0.522075201
787,0.342281879,787,0.522002188
788,0.537634409,788,0.521929279
789,0.561797753,789,0.521856472
790,0.641025641,790,0.521783767
791,0.532608696,791,0.521711165
792,0.685714286,792,0.521638664
793,0.505263158,793,0.521566265
794,0.691176471,794,0.521493967
795,0.505376344,795,0.52142177
796,0.594936709,796,0.521349674
797,0.796610169,797,0.521277679
798,0.511111111,798,0.521205783
799,0.348484848,799,0.521133988
800,0.554216867,800,0.521062292
801,0.389830508,801,0.520990696
802,0.709677419,802,0.520919198
803,0.571428571,803,0.5208478
804,0.843137255,804,0.5207765
805,0.456521739,805,0.520705299
806,0.630769231,806,0.520634196
807,0.253164557,807,0.52056319
808,0.5,808,0.520492282
809,0.696428571,809,0.520421472
810,0.672413793,810,0.520350759
811,0.541666667,811,0.520280142
812,0.351351351,812,0.520209622
813,0.678571429,813,0.520139198
814,0.660714286,814,0.520068871
815,0.44047619,815,0.519998639
816,0.336363636,816,0.519928503
817,0.692307692,817,0.519858462
818,0.404494382,818,0.519788517
819,0.53030303,819,0.519718666
820,0.447368421,820,0.51964891
821,0.4,821,0.519579248
822,0.5,822,0.51950968
823,0.596491228,823,0.519440206
824,0.785714286,824,0.519370826
825,0.6875,825,0.519301539
826,0.507692308,826,0.519232345
827,0.452054795,827,0.519163245
828,0.47826087,828,0.519094237
829,0.380952381,829,0.519025321
830,0.492307692,830,0.518956498
831,0.666666667,831,0.518887766
832,0.375,832,0.518819127
833,0.447761194,833,0.518750578
834,0.644444444,834,0.518682121
835,0.72972973,835,0.518613756
836,0.72972973,836,0.518545481
837,0.509803922,837,0.518477296
838,0.702702703,838,0.518409202
839,0.657894737,839,0.518341198
840,0.284090909,840,0.518273284
841,0.675675676,841,0.51820546
842,0.416666667,842,0.518137725
843,0.833333333,843,0.51807008
844,0.431034483,844,0.518002523
845,0.735294118,845,0.517935055
846,0.373134328,846,0.517867676
847,0.315068493,847,0.517800385
848,0.605263158,848,0.517733182
849,0.547619048,849,0.517666067
850,0.468085106,850,0.51759904
851,0.6875,851,0.5175321
852,0.323076923,852,0.517465248
853,0.869565217,853,0.517398483
854,0.580645161,854,0.517331804
855,0.333333333,855,0.517265212
856,0.333333333,856,0.517198706
857,0.580645161,857,0.517132287
858,0.53125,858,0.517065954
859,0.26984127,859,0.516999706
860,0.739130435,860,0.516933544
861,0.472222222,861,0.516867467
862,0.421052632,862,0.516801475
863,0.444444444,863,0.516735569
864,0.32,864,0.516669747
865,0.695652174,865,0.516604009
866,0.615384615,866,0.516538356
867,1,867,0.516472787
868,0.470588235,868,0.516407302
869,0.727272727,869,0.5163419
870,0.470588235,870,0.516276582
871,0.941176471,871,0.516211347
872,0.615384615,872,0.516146196
873,0.551724138,873,0.516081127
874,0.380952381,874,0.516016141
875,0.355555556,875,0.515951237
876,0.4,876,0.515886416
877,0.5,877,0.515821677
878,0.444444444,878,0.515757019
879,0.347826087,879,0.515692444
880,0.727272727,880,0.515627949
881,0.348837209,881,0.515563537
882,0.483870968,882,0.515499205
883,0.405405405,883,0.515434954
884,0.454545455,884,0.515370784
885,0.833333333,885,0.515306694
886,0.483870968,886,0.515242685
887,0.319148936,887,0.515178756
888,0.652173913,888,0.515114907
889,0.555555556,889,0.515051137
890,0.882352941,890,0.514987447
891,0.483870968,891,0.514923837
892,0.6,892,0.514860306
893,0.714285714,893,0.514796853
894,0.35,894,0.51473348
895,0.4375,895,0.514670185
896,0.777777778,896,0.514606969
897,0.5,897,0.514543831
898,0.583333333,898,0.514480771
899,0.518518519,899,0.514417788
900,0.311111111,900,0.514354884
901,0.325581395,901,0.514292057
902,0.736842105,902,0.514229308
903,0.28,903,0.514166635
904,0.466666667,904,0.51410404
905,0.636363636,905,0.514041521
906,0.928571429,906,0.51397908
907,0.928571429,907,0.513916714
908,0.270833333,908,0.513854425
909,0.541666667,909,0.513792212
910,0.351351351,910,0.513730075
911,0.481481481,911,0.513668013
912,0.379310345,912,0.513606028
913,0.379310345,913,0.513544117
914,0.366666667,914,0.513482282
915,0.6875,915,0.513420522
916,0.909090909,916,0.513358837
917,0.526315789,917,0.513297226
918,0.384615385,918,0.51323569
919,0.243902439,919,0.513174228
920,0.476190476,920,0.513112841
921,0.625,921,0.513051527
922,0.5625,922,0.512990288
923,0.6,923,0.512929122
924,0.36,924,0.512868029
925,0.4,925,0.51280701
926,0.4,926,0.512746064
927,0.444444444,927,0.512685191
928,0.571428571,928,0.512624391
929,0.179487179,929,0.512563664
930,0.5,930,0.512503009
931,0.75,931,0.512442427
932,0.6,932,0.512381916
933,0.260869565,933,0.512321478
934,0.461538462,934,0.512261112
935,0.666666667,935,0.512200817
936,0.4,936,0.512140594
937,0.461538462,937,0.512080442
938,0.666666667,938,0.512020361
939,0.333333333,939,0.511960352
940,0.4,940,0.511900413
941,1,941,0.511840545
942,0.571428571,942,0.511780748
943,0.8,943,0.511721021
944,1,944,0.511661365
945,0.8,945,0.511601778
946,0.666666667,946,0.511542261
947,1,947,0.511482815
948,0.285714286,948,0.511423437
949,0.137931034,949,0.51136413
950,1,950,0.511304891
951,0.333333333,951,0.511245722
952,0.307692308,952,0.511186622
953,0.4,953,0.511127591
954,0.363636364,954,0.511068628
955,1,955,0.511009734
956,0.137931034,956,0.510950909
957,0.363636364,957,0.510892151
958,0.666666667,958,0.510833462
959,0.2,959,0.510774841
960,0.428571429,960,0.510716288
961,0.428571429,961,0.510657802
962,1,962,0.510599384
963,1,963,0.510541033
964,0.333333333,964,0.510482749
965,1,965,0.510424532
966,0.75,966,0.510366383
967,0.75,967,0.5103083
968,0.333333333,968,0.510250284
969,1,969,0.510192334
970,0.3,970,0.51013445
971,1,971,0.510076633
972,1,972,0.510018882
973,0.176470588,973,0.509961197
974,1,974,0.509903577
975,0.6,975,0.509846023
976,1,976,0.509788535
977,0.3,977,0.509731112
978,0.111111111,978,0.509673754
979,0.75,979,0.509616461
980,0.75,980,0.509559234
981,0.2,981,0.509502071
982,0.5,982,0.509444972
983,1,983,0.509387938
984,0.5,984,0.509330969
985,1,985,0.509274063
986,0.666666667,986,0.509217222
987,0.666666667,987,0.509160445
988,0.5,988,0.509103731
989,0.285714286,989,0.509047082
990,0.153846154,990,0.508990495
991,0.5,991,0.508933973
992,1,992,0.508877513
993,1,993,0.508821117
994,0.4,994,0.508764783
995,0.5,995,0.508708513
996,0.181818182,996,0.508652305
997,0.4,997,0.50859616
998,1,998,0.508540077
999,1,999,0.508484057
1000,0.133333333,1000,0.508428099
1001,0.25,1001,0.508372203
1002,0.2,1002,0.508316368
1003,0.222222222,1003,0.508260596
1004,1,1004,0.508204885
1005,1,1005,0.508149236
1006,1,1006,0.508093649
1007,1,1007,0.508038122
1008,0.5,1008,0.507982657
1009,1,1009,0.507927253
1010,1,1010,0.50787191
1011,1,1011,0.507816628
1012,1,1012,0.507761406
1013,0.5,1013,0.507706245
1014,0.5,1014,0.507651144
1015,1,1015,0.507596103
1016,1,1016,0.507541123
1017,1,1017,0.507486203
1018,1,1018,0.507431342
1019,1,1019,0.507376542
1020,1,1020,0.507321801
1021,1,1021,0.507267119
1022,1,1022,0.507212497
1023,0.5,1023,0.507157934
1024,1,1024,0.507103431
1025,1,1025,0.507048986
1026,0.5,1026,0.506994601
1027,1,1027,0.506940274
1028,1,1028,0.506886006
1029,0.333333333,1029,0.506831796
1030,0.5,1030,0.506777645
1031,1,1031,0.506723553
1032,1,1032,0.506669518
1033,1,1033,0.506615542
1034,0.333333333,1034,0.506561623
1035,0.5,1035,0.506507763
1036,1,1036,0.50645396
1037,1,1037,0.506400214
1038,1,1038,0.506346527
1039,1,1039,0.506292896
1040,1,1040,0.506239323
1041,1,1041,0.506185807
1042,0.2,1042,0.506132348
1043,1,1043,0.506078946
1044,1,1044,0.506025601
1045,1,1045,0.505972312
1046,1,1046,0.50591908
,,1047,0.505865905
,,1048,0.505812786
,,1049,0.505759723
,,1050,0.505706716
,,1051,0.505653765
,,1052,0.50560087
,,1053,0.505548031
,,1054,0.505495248
,,1055,0.50544252
,,1056,0.505389847
,,1057,0.50533723
,,1058,0.505284668
,,1059,0.505232161
,,1060,0.50517971
,,1061,0.505127313
,,1062,0.505074971
,,1063,0.505022683
,,1064,0.50497045
,,1065,0.504918272
,,1066,0.504866148
,,1067,0.504814078
,,1068,0.504762063
,,1069,0.504710101
,,1070,0.504658193
,,1071,0.504606339
,,1072,0.504554539
,,1073,0.504502793
,,1074,0.5044511
,,1075,0.50439946
,,1076,0.504347874
,,1077,0.504296341
,,1078,0.504244861
,,1079,0.504193433
,,1080,0.504142059
,,1081,0.504090738
,,1082,0.504039469
,,1083,0.503988253
,,1084,0.503937089
,,1085,0.503885978
,,1086,0.503834919
,,1087,0.503783912
,,1088,0.503732957
,,1089,0.503682054
,,1090,0.503631203
,,1091,0.503580404
,,1092,0.503529656
,,1093,0.50347896
,,1094,0.503428315
,,1095,0.503377722
,,1096,0.50332718
,,1097,0.503276689
,,1098,0.503226249
,,1099,0.50317586
,,1100,0.503125522
,,1101,0.503075235
,,1102,0.503024999
,,1103,0.502974813
,,1104,0.502924677
,,1105,0.502874592
,,1106,0.502824558
,,1107,0.502774573
,,1108,0.502724638
,,1109,0.502674754
,,1110,0.502624919
,,1111,0.502575135
,,1112,0.502525399
,,1113,0.502475714
,,1114,0.502426078
,,1115,0.502376492
,,1116,0.502326954
,,1117,0.502277467
,,1118,0.502228028
,,1119,0.502178638
,,1120,0.502129297
,,1121,0.502080006
,,1122,0.502030762
,,1123,0.501981568
,,1124,0.501932422
,,1125,0.501883325
,,1126,0.501834276
,,1127,0.501785276
,,1128,0.501736323
,,1129,0.501687419
,,1130,0.501638563
